{
  "class_names": [
    "chickenpox",
    "measles",
    "monkeypox",
    "normal",
    "other"
  ],
  "image_size": 224,
  "val_accuracy": 1.0,
  "history_phase1": {
    "accuracy": [
      0.22181817889213562,
      0.2263636291027069,
      0.30000001192092896,
      0.5136363506317139,
      0.6872727274894714,
      0.8372727036476135,
      0.8545454740524292,
      0.9845454692840576
    ],
    "auc": [
      0.5148097276687622,
      0.5361784100532532,
      0.6337258815765381,
      0.8402348756790161,
      0.9309730529785156,
      0.977100133895874,
      0.9814664125442505,
      0.999757707118988
    ],
    "loss": [
      1.7150171995162964,
      1.6348798274993896,
      1.5271821022033691,
      1.0795387029647827,
      0.7258861064910889,
      0.41965892910957336,
      0.36922135949134827,
      0.05768899992108345
    ],
    "precision": [
      0.18867924809455872,
      0.0,
      0.5675675868988037,
      0.6865384578704834,
      0.7386609315872192,
      0.8660098314285278,
      0.8674242496490479,
      0.9854280352592468
    ],
    "recall": [
      0.00909090880304575,
      0.0,
      0.03818181902170181,
      0.3245454430580139,
      0.6218181848526001,
      0.7990909218788147,
      0.8327272534370422,
      0.9836363792419434
    ],
    "val_accuracy": [
      0.20363636314868927,
      0.4000000059604645,
      0.4000000059604645,
      0.7054545283317566,
      0.778181791305542,
      0.8472727537155151,
      0.9563636183738708,
      1.0
    ],
    "val_auc": [
      0.63234543800354,
      0.6304892897605896,
      0.7264991998672485,
      0.9513702392578125,
      0.9738066792488098,
      0.9880827069282532,
      0.9983867406845093,
      0.9999999403953552
    ],
    "val_loss": [
      1.5874906778335571,
      1.5591933727264404,
      1.3838728666305542,
      0.7033969759941101,
      0.5840694308280945,
      0.2904893755912781,
      0.13581417500972748,
      0.00628584623336792
    ],
    "val_precision": [
      0.0,
      0.0,
      1.0,
      0.8551723957061768,
      0.8918918967247009,
      0.855555534362793,
      0.9595588445663452,
      1.0
    ],
    "val_recall": [
      0.0,
      0.0,
      0.02545454539358616,
      0.4509090781211853,
      0.6000000238418579,
      0.8399999737739563,
      0.9490908980369568,
      1.0
    ],
    "learning_rate": [
      0.0010000000474974513,
      0.0010000000474974513,
      0.0010000000474974513,
      0.0010000000474974513,
      0.0010000000474974513,
      0.0010000000474974513,
      0.0010000000474974513,
      0.0010000000474974513
    ]
  },
  "history_phase2": {
    "accuracy": [
      1.0,
      0.9990909099578857,
      1.0,
      0.9990909099578857
    ],
    "auc": [
      1.0,
      0.9999979138374329,
      0.9999999403953552,
      0.9999993443489075
    ],
    "loss": [
      0.006140222307294607,
      0.006913133431226015,
      0.003910541534423828,
      0.005634587723761797
    ],
    "precision": [
      1.0,
      0.9990909099578857,
      1.0,
      0.9990909099578857
    ],
    "recall": [
      1.0,
      0.9990909099578857,
      1.0,
      0.9990909099578857
    ],
    "val_accuracy": [
      1.0,
      1.0,
      1.0,
      1.0
    ],
    "val_auc": [
      1.0,
      1.0,
      1.0,
      1.0
    ],
    "val_loss": [
      0.001971319317817688,
      0.0017405446851626039,
      0.001583656994625926,
      0.0015252497978508472
    ],
    "val_precision": [
      1.0,
      1.0,
      1.0,
      1.0
    ],
    "val_recall": [
      1.0,
      1.0,
      1.0,
      1.0
    ],
    "learning_rate": [
      9.999999747378752e-06,
      9.999999747378752e-06,
      9.999999747378752e-06,
      9.999999747378752e-06
    ]
  },
  "config": {
    "data_dir": "dataset",
    "image_size": 224,
    "batch_size": 16,
    "initial_epochs": 8,
    "fine_tune_epochs": 4,
    "initial_lr": 0.001,
    "fine_tune_lr": 1e-05,
    "output_dir": "saved_model",
    "model_name": "monkeypox_vit.keras",
    "seed": 42,
    "augment": false,
    "use_pretrained_vit": false
  },
  "test_classification_report": {
    "chickenpox": {
      "precision": 1.0,
      "recall": 1.0,
      "f1-score": 1.0,
      "support": 55.0
    },
    "measles": {
      "precision": 1.0,
      "recall": 1.0,
      "f1-score": 1.0,
      "support": 55.0
    },
    "monkeypox": {
      "precision": 1.0,
      "recall": 1.0,
      "f1-score": 1.0,
      "support": 55.0
    },
    "normal": {
      "precision": 1.0,
      "recall": 1.0,
      "f1-score": 1.0,
      "support": 55.0
    },
    "other": {
      "precision": 1.0,
      "recall": 1.0,
      "f1-score": 1.0,
      "support": 55.0
    },
    "accuracy": 1.0,
    "macro avg": {
      "precision": 1.0,
      "recall": 1.0,
      "f1-score": 1.0,
      "support": 275.0
    },
    "weighted avg": {
      "precision": 1.0,
      "recall": 1.0,
      "f1-score": 1.0,
      "support": 275.0
    }
  },
  "test_confusion_matrix": [
    [
      55,
      0,
      0,
      0,
      0
    ],
    [
      0,
      55,
      0,
      0,
      0
    ],
    [
      0,
      0,
      55,
      0,
      0
    ],
    [
      0,
      0,
      0,
      55,
      0
    ],
    [
      0,
      0,
      0,
      0,
      55
    ]
  ]
}